lead:2, article
article:5, [[ correx, quote:4, *ed #editorial box ], [ foo:4, * sub # subscription info ]]
important:2, quuz, > *evnt # Ad for big October event
lead
lead:3, b-series
b-series
jumps, *dir:0 # Directory
jumps, also
###

<!-- Primative Markdown accepted here -->
### The closing date for news in this issue is January 1, 1970.

- Foo Bar: Bing Baz
- Quux: Xyzzy Grault


Lorem Ipsum is simply dummy text of the printing and typesetting industry. Lorem Ipsum has been the industry's standard dummy text ever since the 1500s, when an unknown printer took a galley of type and scrambled it to make a type specimen book. It has survived not only five centuries, but also the leap into electronic typesetting, remaining essentially unchanged. It was popularised in the 1960s with the release of Letraset sheets containing Lorem Ipsum passages, and more recently with desktop publishing software like Aldus PageMaker including versions of Lorem Ipsum.

